{
  "name": "Data Driven Dave Game Stats - COPY",
  "description": null,
  "permissions": "PUBLIC_READ_WRITE",
  "pages": [
    {
      "name": "Data Driven Dave Game Stats - COPY",
      "description": null,
      "widgets": [
        {
          "title": "",
          "layout": {
            "column": 1,
            "row": 1,
            "width": 5,
            "height": 3
          },
          "linkedEntityGuids": null,
          "visualization": {
            "id": "viz.markdown"
          },
          "rawConfiguration": {
            "text": "# Data Driven Dave ![New Relic logo](https://newrelic.com/static-assets/images/icons/avatar-newrelic.png)\n## DevOpsDays Challenge\n![Data Driven Dave screenshot](https://raw.githubusercontent.com/devreldragon/data-driven-dave/main/Screenshots/game_screenshot-level01.png)"
          }
        },
        {
          "title": "Games Played",
          "layout": {
            "column": 6,
            "row": 1,
            "width": 2,
            "height": 3
          },
          "linkedEntityGuids": null,
          "visualization": {
            "id": "viz.billboard"
          },
          "rawConfiguration": {
            "facet": {
              "showOtherSeries": false
            },
            "nrqlQueries": [
              {
                "accountIds": [
                  YOUR_ACCOUNT_ID
                ],
                "query": "SELECT count(*) AS 'Completed Games' FROM GameComplete WHERE appName = 'Data Driven Dave' SINCE 1 hour ago"
              }
            ],
            "platformOptions": {
              "ignoreTimeRange": false
            }
          }
        },
        {
          "title": "Top Score Achieved (Completed Games)",
          "layout": {
            "column": 8,
            "row": 1,
            "width": 3,
            "height": 3
          },
          "linkedEntityGuids": null,
          "visualization": {
            "id": "viz.billboard"
          },
          "rawConfiguration": {
            "facet": {
              "showOtherSeries": false
            },
            "nrqlQueries": [
              {
                "accountIds": [
                  YOUR_ACCOUNT_ID
                ],
                "query": "SELECT max(player_score) as 'Completed Games Max Score' FROM GameComplete  WHERE appName = 'Data Driven Dave' SINCE 1 hour ago"
              }
            ],
            "platformOptions": {
              "ignoreTimeRange": false
            }
          }
        },
        {
          "title": "Total Score (Incomplete Games)",
          "layout": {
            "column": 11,
            "row": 1,
            "width": 2,
            "height": 3
          },
          "linkedEntityGuids": null,
          "visualization": {
            "id": "viz.billboard"
          },
          "rawConfiguration": {
            "facet": {
              "showOtherSeries": false
            },
            "nrqlQueries": [
              {
                "accountIds": [
                  YOUR_ACCOUNT_ID
                ],
                "query": "SELECT max(player_score) as 'Incomplete Games Max Score' FROM GameIncomplete  WHERE appName = 'Data Driven Dave' SINCE 1 hour ago"
              }
            ],
            "platformOptions": {
              "ignoreTimeRange": false
            }
          }
        },
        {
          "title": "Maximum Level Reached",
          "layout": {
            "column": 1,
            "row": 4,
            "width": 4,
            "height": 3
          },
          "linkedEntityGuids": null,
          "visualization": {
            "id": "viz.bullet"
          },
          "rawConfiguration": {
            "limit": 10,
            "nrqlQueries": [
              {
                "accountIds": [
                  YOUR_ACCOUNT_ID
                ],
                "query": "SELECT max(current_level) AS 'Level' FROM LevelUp WHERE appName = 'Data Driven Dave' SINCE 1 hour ago"
              }
            ],
            "platformOptions": {
              "ignoreTimeRange": false
            }
          }
        },
        {
          "title": "Top Score by Level",
          "layout": {
            "column": 5,
            "row": 4,
            "width": 4,
            "height": 3
          },
          "linkedEntityGuids": null,
          "visualization": {
            "id": "viz.table"
          },
          "rawConfiguration": {
            "facet": {
              "showOtherSeries": false
            },
            "nrqlQueries": [
              {
                "accountIds": [
                  YOUR_ACCOUNT_ID
                ],
                "query": "SELECT max(player_score) AS 'Top Score' FROM LevelUp WHERE appName = 'Data Driven Dave' FACET current_level AS 'Level' SINCE 1 hour ago"
              }
            ],
            "platformOptions": {
              "ignoreTimeRange": false
            }
          }
        },
        {
          "title": "Loot",
          "layout": {
            "column": 9,
            "row": 4,
            "width": 4,
            "height": 3
          },
          "linkedEntityGuids": null,
          "visualization": {
            "id": "viz.table"
          },
          "rawConfiguration": {
            "dataFormatters": [
              {
                "name": "Total Value",
                "type": "decimal"
              }
            ],
            "facet": {
              "showOtherSeries": false
            },
            "nrqlQueries": [
              {
                "accountIds": [
                  YOUR_ACCOUNT_ID
                ],
                "query": "SELECT count(*) AS '# Collected', sum(`item.score`) AS 'Total Value' FROM CollectedItem FACET if(`item.id` = 'items', item.type, item.id) AS 'Item Collected' SINCE 1 hour ago"
              }
            ],
            "platformOptions": {
              "ignoreTimeRange": false
            }
          }
        },
        {
          "title": "Items Collected",
          "layout": {
            "column": 1,
            "row": 7,
            "width": 4,
            "height": 4
          },
          "linkedEntityGuids": null,
          "visualization": {
            "id": "viz.bar"
          },
          "rawConfiguration": {
            "colors": {
              "seriesOverrides": [
                {
                  "color": "#00CFCF",
                  "seriesName": "turquoise diamond"
                },
                {
                  "color": "#B600B6",
                  "seriesName": "purple ball"
                },
                {
                  "color": "#f20d0d",
                  "seriesName": "red diamond"
                },
                {
                  "color": "#ede726",
                  "seriesName": "trophy"
                },
                {
                  "color": "#AAAAAA",
                  "seriesName": "gun"
                },
                {
                  "color": "#307bdf",
                  "seriesName": "jetpack"
                },
                {
                  "color": "#abe583",
                  "seriesName": "ring"
                }
              ]
            },
            "facet": {
              "showOtherSeries": false
            },
            "nrqlQueries": [
              {
                "accountIds": [
                  YOUR_ACCOUNT_ID
                ],
                "query": "SELECT count(*) AS '# Collected' FROM CollectedItem FACET if(`item.id` = 'items', item.type, item.id) AS 'Item Collected' SINCE 1 hour AGO"
              }
            ],
            "platformOptions": {
              "ignoreTimeRange": false
            }
          }
        },
        {
          "title": "Items Collected Over Time",
          "layout": {
            "column": 5,
            "row": 7,
            "width": 8,
            "height": 4
          },
          "linkedEntityGuids": null,
          "visualization": {
            "id": "viz.stacked-bar"
          },
          "rawConfiguration": {
            "colors": {
              "seriesOverrides": [
                {
                  "color": "#00CFCF",
                  "seriesName": "turquoise diamond"
                },
                {
                  "color": "#B600B6",
                  "seriesName": "purple ball"
                },
                {
                  "color": "#f20d0d",
                  "seriesName": "red diamond"
                },
                {
                  "color": "#ede726",
                  "seriesName": "trophy"
                },
                {
                  "color": "#AAAAAA",
                  "seriesName": "gun"
                },
                {
                  "color": "#307bdf",
                  "seriesName": "jetpack"
                },
                {
                  "color": "#abe583",
                  "seriesName": "ring"
                }
              ]
            },
            "facet": {
              "showOtherSeries": false
            },
            "legend": {
              "enabled": true
            },
            "nrqlQueries": [
              {
                "accountIds": [
                  YOUR_ACCOUNT_ID
                ],
                "query": "SELECT count(*) FROM CollectedItem FACET if(`item.id` = 'items', item.type, item.id) AS 'Item Collected' SINCE 1 hour AGO TIMESERIES "
              }
            ],
            "platformOptions": {
              "ignoreTimeRange": false
            }
          }
        },
        {
          "title": "Real-time Item Collection Stats",
          "layout": {
            "column": 1,
            "row": 11,
            "width": 12,
            "height": 4
          },
          "linkedEntityGuids": null,
          "visualization": {
            "id": "viz.billboard"
          },
          "rawConfiguration": {
            "facet": {
              "showOtherSeries": false
            },
            "nrqlQueries": [
              {
                "accountIds": [
                  YOUR_ACCOUNT_ID
                ],
                "query": "SELECT count(*) FROM CollectedItem FACET if(`item.id` = 'items', item.type, item.id) SINCE 10 minutes AGO"
              }
            ],
            "platformOptions": {
              "ignoreTimeRange": true
            }
          }
        },
        {
          "title": "Incomplete games",
          "layout": {
            "column": 1,
            "row": 15,
            "width": 4,
            "height": 3
          },
          "linkedEntityGuids": null,
          "visualization": {
            "id": "viz.billboard"
          },
          "rawConfiguration": {
            "facet": {
              "showOtherSeries": false
            },
            "nrqlQueries": [
              {
                "accountIds": [
                  YOUR_ACCOUNT_ID
                ],
                "query": "FROM GameIncomplete select count(*) since 1 hour ago"
              }
            ],
            "platformOptions": {
              "ignoreTimeRange": false
            }
          }
        }
      ]
    }
  ],
  "variables": []
}